x0,y0,attracted
0.4657713857274352,-1.4519785330419543,1
0.4673349969823226,-1.4588397349087172,-1
-0.7599069635457707,1.441513740192192,1
-0.7639203646955364,1.4380667416779647,-1
-0.452686185044729,-1.1516118891195766,1
-0.4530767027845678,-1.1586538408895075,-1
-0.6863892445983473,1.6920128818797273,1
-0.6911519067022155,1.6901528023203074,-1
-0.9085608677612833,-0.8799574386318665,1
-0.9098333324645305,-0.8855366145081505,-1
0.012370845179276578,-1.3204972206877235,1
0.013027320944227554,-1.3274615213153251,-1
-0.23945531203478698,-1.236181287103527,1
-0.2393499854823406,-1.2431126148607732,-1
-1.2114110195903884,-0.2451579666853808,1
-1.2152495481867245,-0.25384434648437,-1
-0.6506828524783614,1.8134078756776812,1
-0.6561210200097785,1.8128877012121092,-1
0.034660133626689196,-1.3303195265869596,1
0.035338750458613316,-1.3370395669494501,-1
-0.9242612175302357,-0.863073761947778,1
-0.9259623791026539,-0.8703039841526281,-1
-0.6727367479091118,1.746677616227458,1
-0.6800275237588419,1.7447609756870137,-1
-1.0297946775909237,-0.7621573645415951,1
-1.0315775769907258,-0.7684173571780762,-1
-0.8960997874828786,0.9968826253511458,1
-0.9002763228226693,0.9910512764503248,-1
-0.6307636504282802,1.8856378646862089,1
-0.6398278089165661,1.8866215041550296,-1
0.8793149313423152,-1.5523487816066606,1
0.8817535099180803,-1.5594630250093335,-1
-0.09687962270411979,-1.2876447336799575,1
-0.09649612876653012,-1.2939927180899797,-1
-0.6869746684071782,-1.0297530777676305,1
-0.6877939915984538,-1.0356385841942943,-1
-1.1907198609994132,-0.025243273522890672,1
-1.1932531781790376,-0.030491180633237743,-1
-0.6350622841429722,1.870874878572049,1
-0.6419002577953163,1.8713183160955986,-1
-1.099269245907017,-0.6676416460135458,1
-1.1012376323913597,-0.6737334164999491,-1
-0.791408513719335,1.3333473563939635,1
-0.7970205457842896,1.3276261096331075,-1
-0.8536414367192249,-0.9228274357700821,1
-0.8548307780375599,-0.9286368424800214,-1
0.5850502102942444,-1.4800913663368578,1
0.58698230749639,-1.4874713018827732,-1
0.2054106982261829,-1.383029007681156,1
0.20651821247415497,-1.3903066846463634,-1
-0.7737699399145026,-0.9780272810661894,1
-0.7748702656753177,-0.9844071610795916,-1
-0.9263770421384967,-0.8675634606112568,1
-0.9276345105358741,-0.8728990657693751,-1
0.3083746790722912,-1.408373000039051,1
0.30954534896785363,-1.4147836940644645,-1
-0.6928914454421616,1.6633662919980385,1
-0.7001515493273178,1.660064626411021,-1
-0.8261551099714126,1.2180165480983316,1
-0.8304394709404443,1.2130146193937865,-1
0.33667693971483303,-1.4161786770936624,1
0.3414760314692685,-1.4228948153049583,-1
-1.0374555574110373,0.5458344382844926,1
-1.0421386212212473,0.5529529723004982,-1
-0.5700090845792734,-1.091921767676249,1
-0.5691182508142902,-1.0989994056938808,-1
-0.8441556652375838,1.1666049020612785,1
-0.8448651270448573,1.1726811278037985,-1
-0.9098896307572888,-0.8754117244155859,1
-0.9116357510809563,-0.8837158968762617,-1
-0.14123856579052202,-1.2744328695507359,1
-0.13825374501595944,-1.281355205283709,-1
-0.3754701315869343,-1.1794946074270922,1
-0.373587609237381,-1.1863509974193545,-1
-1.2083224866885178,-0.3284104639209646,1
-1.2126558053918686,-0.33177069247448276,-1
-1.0231606140205642,0.5865150578260596,1
-1.0269269123073208,0.5930011488827176,-1
-0.07821254371967717,-1.2964456013975525,1
-0.07518344081116833,-1.3028794166003033,-1
-0.9271699842281519,-0.862208411978719,1
-0.9289004381283277,-0.8696625908661891,-1
-0.9570669521716793,0.7985528571770748,1
-0.9590404708518837,0.8046008024290827,-1
-1.0040953764129252,-0.7889435306818975,1
-1.005989305967869,-0.7944572504326296,-1
-1.1250893941078899,0.24734191709119696,1
-1.1300987262981503,0.24969175033401517,-1
-0.9746032644594254,0.7369813495343969,1
-0.9774634744589077,0.7444794347910375,-1
0.7068145734668856,-1.5125664272560249,1
0.7133635998630764,-1.5197886485391405,-1
-0.1460704455838247,-1.2710452772106284,1
-0.14363158846398477,-1.2767349805084427,-1
-0.7068822333940188,-1.0126478109857746,1
-0.7068157876697999,-1.0221773056479702,-1
-1.1895912705489473,-0.4338812266048596,1
-1.1963808007781247,-0.44086032400178765,-1
-0.922231146706402,0.9147857209766957,1
-0.9239782642879135,0.9220137052607007,-1
-1.056324616834324,-0.7271130018569426,1
-1.0585895205583493,-0.732290277307519,-1
-1.1398617390982893,0.1934376174084967,1
-1.1477420647388774,0.1960076549312447,-1
-0.8627549668285165,-0.9139794673261213,1
-0.8641685936125354,-0.9232045631214187,-1
0.3375279387943069,-1.4185294670440483,1
0.34306400244325874,-1.426283072613649,-1
-0.006908765716468339,-1.3192784991095774,1
-0.0030218679758635797,-1.3268275875177624,-1
-0.8073898352531785,-0.9579594416249926,1
-0.807918617530148,-0.963712936129567,-1
-0.925091042030064,-0.8615806073215717,1
-0.9267771771302522,-0.8689104969095851,-1
0.29299131347561364,-1.4049401634977206,1
0.2970045225113991,-1.4107552860263175,-1
-0.7473933583577003,1.4824317391650053,1
-0.7475365150843287,1.488612588290481,-1
-1.0957479462647144,0.34728876656211716,1
-1.1009729297134565,0.3512974401974872,-1
0.41810424112015016,-1.4353524453562052,1
0.42180189856279615,-1.444172574031413,-1
-0.9488019032226118,0.811568631555192,1
-0.955687835656401,0.8144791846433738,-1
-0.4721604740348335,-1.142050633070208,1
-0.47237107458163996,-1.1512322615517516,-1
-0.7836708177866435,1.3638907939915395,1
-0.7872926100247695,1.3718352645487557,-1
-0.9003121609371267,-0.8894130265956517,1
-0.90228665541075,-0.8956691032899016,-1
-0.03684581350607904,-1.3022513514043026,1
-0.03496242704330597,-1.3112776776011876,-1
-0.2737960990223643,-1.22568008266179,1
-0.27301501098460046,-1.234640463117964,-1
-1.2101632625930607,-0.30733977833814036,1
-1.2166994499199904,-0.31490798781948237,-1
-0.8899238349517437,1.0051946056596899,1
-0.8947915675502895,1.009576706252436,-1
-0.0005592050232894885,-1.3191913193908806,1
0.0013684635734298612,-1.3277291250575431,-1
-0.8769634199669673,-0.9073554382254204,1
-0.8797953081789325,-0.9169136075768025,-1
-0.8536255305915913,1.1335989559107065,1
-0.8567004835835852,1.1375429106988024,-1
-0.9835039221673375,-0.8083815295529311,1
-0.9864992860340707,-0.815999239767575,-1
-1.0742428431201323,0.42790200597605577,1
-1.0814550439339718,0.4260438582910501,-1
-0.8443679790606923,1.1542630083853396,1
-0.8483296233719642,1.159657103178068,-1
0.809694024555091,-1.5330991283807642,1
0.8124178205972916,-1.537762234254278,-1
-0.11003807394826262,-1.285003046634464,1
-0.10870065114021216,-1.2927967403961902,-1
-0.6844548728129156,-1.027744969680708,1
-0.6855230842625957,-1.0346137074757176,-1
-1.2057032720254672,-0.3688115859871054,1
-1.2101994714518454,-0.3744051251494814,-1
-0.811214372497455,1.2747683280139341,1
-0.814062924390756,1.279892321834027,-1
-1.0483968312424943,-0.7391945124098179,1
-1.051763169278309,-0.7464757783243063,-1
-1.0575150150667803,0.49172465882685695,1
-1.0625566121988639,0.49090568712431903,-1
-0.8428291994507816,-0.9313770581327028,1
-0.8446374471545806,-0.9380935964942634,-1
0.49226324610991623,-1.4620316230458457,1
0.49448056077849734,-1.4669604210626022,-1
0.13169937364666723,-1.3614713216580825,1
0.13309210536107485,-1.366297861094131,-1
-0.7600305050289954,-0.986077328724196,1
-0.7616607216177544,-0.9939348136926823,-1
-0.9243159417449779,-0.8662634703118559,1
-0.9262604436068615,-0.8720324055697746,-1
0.304322034482553,-1.4102584371631783,1
0.30723380920654897,-1.4181775501556872,-1
-0.7260804557550524,1.555415794070623,1
-0.7285696378318882,1.5635695113937507,-1
-1.026585136474118,0.5773325665452538,1
-1.0340129885464393,0.5771332592528,-1
0.3430732512500988,-1.4194772990930975,1
0.3476994697197973,-1.4261042853584627,-1
-1.032142940951134,0.5572050223882745,1
-1.0371717513308178,0.5645018602961415,-1
-0.5537589958140037,-1.100302050593732,1
-0.5530410353337575,-1.107290536665433,-1
-0.8359475909118415,1.1909236984505933,1
-0.8368299260038519,1.197089076139044,-1
-0.9043576856457076,-0.8782645866853673,1
-0.906449552538849,-0.8863904552541818,-1
-0.13298662305718545,-1.2733054103032564,1
-0.1301746755673598,-1.2801385940902987,-1
-0.3623317619469291,-1.186270155317823,1
-0.36062211288211266,-1.1930373933641545,-1
-1.2081610999887091,-0.33408864306868014,1
-1.2128401652615337,-0.3372705677303369,-1
-1.0167156919053022,0.6104540772496552,1
-1.0206548634767956,0.6170293202522439,-1
-0.07311660224555125,-1.294201927653543,1
-0.07026037262177931,-1.300546590910363,-1
-0.9060811645430555,-0.8814306477290376,1
-0.9079844917279682,-0.888795674670577,-1
-0.9490995490562597,0.8296553287538657,1
-0.9512459410212011,0.8357924259518044,-1
-0.9883562309247045,-0.803550748917558,1
-0.9904230337643851,-0.8089753167223593,-1
-1.1252502881912971,0.24672434946961397,1
-1.1306053669510314,0.24925248660429353,-1
-0.9642776721831507,0.767794701671264,1
-0.9673107554673699,0.7753819388738352,-1
0.707180478460171,-1.5089102838101358,1
0.7135566315716249,-1.516043353147321,-1
-0.14209436003487577,-1.273095771967034,1
-0.13982837619977273,-1.2786963233189177,-1
-0.7013502882824376,-1.015500673255556,1
-0.7016295891276926,-1.02485186402589,-1
-1.183808523116768,-0.4578244393429507,1
-1.1909437999154193,-0.4646252328480174,-1
-0.9100674518949359,0.9464747217638079,1
-0.9119874427611843,0.9537918579937436,-1
-1.0430484759544727,-0.7466502031889546,1
-1.0454862529632347,-0.7517383266936004,-1
-1.1389547095874124,0.18848815365458566,1
-1.1471807817974742,0.191236495069195,-1
-0.8548027957306186,-0.918080456838932,1
-0.8565621690841113,-0.9271272487423681,-1
0.34893757558694294,-1.4244134954754721,1
0.35430076595115784,-1.4320779490991424,-1
0.002169832898195141,-1.3184158066461924,1
0.005883857354062991,-1.325875743108447,-1
-0.7935599724742257,-0.965091597299446,1
-0.7942616280359323,-0.9707559398580898,-1
-0.9240538023216427,-0.8621155189971557,1
-0.9260856839913048,-0.8692671046933078,-1
0.29385567989929817,-1.405385923227374,1
0.2976960156503467,-1.4111118938100402,-1
-0.7440196162733734,1.4990129437309578,1
-0.7443356462847388,1.5052829448023644,-1
-1.0934440749983023,0.3500429850914377,1
-1.0990148050165183,0.3542299626186691,-1
0.5023089699265897,-1.4639378411991961,1
0.5026599806531296,-1.4698418985436787,-1
-0.8694927699676418,1.0715848986358258,1
-0.8759313721741027,1.0700521891661592,-1
-0.3387838299977214,-1.197417474549779,1
-0.3403869482659077,-1.2035022817974297,-1
-0.7132981570406386,1.572767909200922,1
-0.722911221257897,1.5747364077306232,-1
-0.8806710556092895,-0.9019717626443138,1
-0.8831561208408842,-0.9065937939983174,-1
0.08426969911207007,-1.3450186779310946,1
0.08371357434867349,-1.3510258340364159,-1
-0.15267470675599487,-1.2704390539214785,1
-0.15378198073189606,-1.2764132371564443,-1
-1.2126153816581482,-0.3145048468803615,1
-1.2188791113111794,-0.32127693763479004,-1
-0.7270289167546142,1.5464070376269423,1
-0.7348922853427264,1.5478011522059307,-1
0.08408748901793758,-1.3445965795950512,1
0.08355350532151413,-1.3503594754352615,-1
-0.755221183045855,-0.9879294838176107,1
-0.7581349451466206,-0.9942025615001805,-1
-0.7338978181140561,1.5264520737470528,1
-0.7399684070956163,1.5274080425213912,-1
-0.923584127182355,-0.8689946385008268,1
-0.9265796271105048,-0.8742974866150275,-1
-1.0386353278285447,0.5434531193613333,1
-1.0452370642250308,0.5395360595050729,-1
-0.6812370812818235,1.7094934511932736,1
-0.6881943615826616,1.7118995599722446,-1
0.9156394371164617,-1.5602632998426205,1
0.9168654151638793,-1.5664203987230132,-1
-0.07339460001234804,-1.2940916553055195,1
-0.07422370660310593,-1.2994824951932613,-1
-0.6570529325355612,-1.0468390398756942,1
-0.6590848562551843,-1.0517674017800778,-1
-1.2013004176280688,-0.40101109164387705,1
-1.205046335336041,-0.4053018542319438,-1
-0.6765186610954976,1.7277309199595325,1
-0.6823628489783649,1.729866927765868,-1
-0.9983077156767515,-0.7932067095040345,1
-1.001488702689442,-0.7983413354681576,-1
-0.9755431561883784,0.7376674617073301,1
-0.9835803893100281,0.7338605039910346,-1
-0.8087984763803777,-0.9514752318622337,1
-0.8112004182270603,-0.9563274940498928,-1
0.6547018624806571,-1.4999404360541462,1
0.6554213591544551,-1.5063632270777814,-1
0.28860313811644506,-1.4038711080957258,1
0.2884980518360696,-1.4101916405386532,-1
-0.6854746508801961,-1.0332247821212865,1
-0.6877875771693587,-1.0386475176124086,-1
-0.922739240553454,-0.8704348941780975,1
-0.9252093094791789,-0.8748133548139356,-1
0.31322508118568143,-1.4122015781281723,1
0.31318315055289625,-1.4176551276313054,-1
-0.7000895521876012,1.6238864955282242,1
-0.7085700062435694,1.6260642408238368,-1
-0.9671291903504722,0.759199475426507,1
-0.973838752376199,0.7561118357665225,-1
0.453454682521088,-1.4486445151113085,1
0.45501336590846897,-1.4541837785933673,-1
-0.9900037864281812,0.6911317244689243,1
-0.9955857267003408,0.695867866206164,-1
-0.2724594218823637,-1.2202502820896977,1
-0.27480899648443513,-1.2261510453780926,-1
-0.7735004017643807,1.3853232666407793,1
-0.7774502719387086,1.3925763671125364,-1
-0.8349908427137622,-0.9338981962588724,1
-0.8391043112426505,-0.9368734077599734,-1
0.06665874488595042,-1.3382619302144214,1
0.06640315729345847,-1.3440073912181578,-1
-0.1305569817082928,-1.274616602112118,1
-0.13191486772579397,-1.2802961173751433,-1
-1.20410413591067,-0.3694147890999519,1
-1.2095112036293998,-0.36991802864747414,-1
-0.9287789039584148,0.8951575625938024,1
-0.9322822572853202,0.8989890454867498,-1
0.07126885208192155,-1.3400679579954196,1
0.07105754662337588,-1.3453248984689337,-1
-0.5608168808838956,-1.1003377050242524,1
-0.5657877431511258,-1.1066150091824856,-1
-0.8597839703780016,1.1044169969882374,1
-0.8649978974252606,1.1116418169694822,-1
-0.7576170592802813,-0.9838879931587112,1
-0.7627513972022796,-0.9882248381802065,-1
-1.119970621910296,0.2590108008843505,1
-1.1257156963724808,0.26136259223499647,-1
-0.8547779328199359,1.1326942982499824,1
-0.8578282420032042,1.1370317782429211,-1
0.8199560276654658,-1.5342831554807463,1
0.8232646456946021,-1.5403285020346251,-1
-0.07073950189435646,-1.2936005674144986,1
-0.07234260438878556,-1.3026262245516533,-1
-0.6160179076680548,-1.064659292728797,1
-0.6224322786779449,-1.0718350379325186,-1
-1.0990163596812808,-0.6698436758731028,1
-1.105651533162924,-0.6721563498423299,-1
-0.8024843870767244,1.2998697189319657,1
-0.8074719130252904,1.3082745779452076,-1
-0.8316932922062726,-0.9346932635749439,1
-0.8371986042973523,-0.9386936642962835,-1
-1.1413795703265737,0.18420702135237046,1
-1.1485601415139222,0.18666891484298131,-1
-0.7452739560165207,-0.9956010902183111,1
-0.7492211777755846,-0.999036763386723,-1
0.5422122698923153,-1.4698962758122245,1
0.5445079251742126,-1.4764730066525884,-1
0.23094198532491453,-1.3872505880362596,1
0.23158847469846477,-1.3936228017152077,-1
-0.5783106910410104,-1.0887223781666409,1
-0.5820798816850346,-1.0932989979419785,-1
-0.9138155436620343,-0.8736179958265324,1
-0.9219824954963316,-0.8785941359560722,-1
0.30842055464215523,-1.4061862893445447,1
0.3099661559796171,-1.4154627849432648,-1
-0.7205201906802645,1.5707334526094858,1
-0.7239037557739474,1.5780911764641985,-1
-1.0787712311914035,0.40234281606753236,1
-1.084624131282829,0.4055240276144543,-1
0.3927649305642428,-1.4334522729844132,1
0.39524408166760405,-1.43817112028905,-1
-0.9471263181400138,0.8250925627445528,1
-0.9558556039512858,0.8284434051846545,-1
-0.5566236732279647,-1.1006737154878228,1
-0.5555736290106945,-1.110472909903432,-1
-0.8299162145701804,1.207609059920121,1
-0.8310167172801532,1.2143183986092065,-1
-0.9228367120354886,-0.8639319885917777,1
-0.9235505617450352,-0.8708056312200929,-1
-0.09011942581332746,-1.2883091566337181,1
-0.08854741019990264,-1.2931311026991934,-1
-0.3406102715184233,-1.1929490881563214,1
-0.3385685387165829,-1.202527034546561,-1
-1.2127803793525564,-0.2522068847775978,1
-1.216795277151333,-0.2610102261270707,-1
-0.9174009828431513,0.9207780887029424,1
-0.9210080706776207,0.9245426233616231,-1
-0.037711524112944275,-1.3085845811015147,1
-0.03452321075214834,-1.3177399527022426,-1
-0.9946966560950501,-0.8004256019684275,1
-0.9954822778189945,-0.8055134696111512,-1
-0.8929694556137473,1.0041795819686334,1
-0.896598072069582,1.0108323596766944,-1
-1.0638620305649118,-0.7145051254079624,1
-1.0655967496675685,-0.7227404015566719,-1
-1.0318457961475185,0.5688705354272576,1
-1.0365367074332048,0.5657772558741211,-1
-0.8955340067461814,0.9997535297128013,1
-0.8982350062933766,1.0045300585714645,-1
0.7844583264336635,-1.5307229487485716,1
0.7878124448579025,-1.5356948375891182,-1
-0.1289477454094114,-1.2757395576234818,1
-0.12634967783728435,-1.2841508173192735,-1
-0.7096677680944472,-1.015393650999399,1
-0.7094753347800506,-1.0228799547284742,-1
-1.2015885736896466,-0.10575847424659986,1
-1.204824128351948,-0.11196957934304128,-1
-0.8694113435961865,1.0758368368563012,1
-0.8725871578546354,1.0848496926283562,-1
-1.1214726595744429,-0.6230227125860557,1
-1.123578352846181,-0.6309215444346095,-1
-1.0046248865804872,0.6565625450464919,1
-1.012186791316501,0.6536894697732851,-1
-0.8788402946692802,-0.9061335417491787,1
-0.8793878976090025,-0.9134676460448048,-1
0.4409255309681368,-1.4484099841291043,1
0.4437731680187562,-1.4536475651128933,-1
0.07032404105790771,-1.3438375113948249,1
0.07234709515435364,-1.3489728337979061,-1
-0.8286268234038426,-0.935161100545493,1
-0.8289963952285251,-0.9436361514480448,-1
-0.9280978760372077,-0.8644107725096597,1
-0.9287817331350148,-0.8707972737016437,-1
0.3005401001903233,-1.4084057393609823,1
0.3047125196783958,-1.4169424182875565,-1
-0.7517428553550268,1.4709069163819772,1
-0.7517107479037095,1.477825501836974,-1
-0.9955035949562621,0.6810865101936632,1
-1.00041015750043,0.6796520710330785,-1
0.36758900148660956,-1.4260666957793662,1
0.37231978642668495,-1.4337637633642772,-1
-1.0101166435608218,0.6409574032959839,1
-1.0149363209997522,0.6461140785647592,-1
-0.5528953936713235,-1.1044757826426324,1
-0.5520728667207004,-1.1125343500338793,-1
-0.8329471188162263,1.1974503753839478,1
-0.8337248874378599,1.2025456717528529,-1
-0.9133520145549281,-0.8748200780836184,1
-0.9142933815311219,-0.8799530936875715,-1
-0.11061830402965242,-1.2827827755986583,1
-0.10770179006944998,-1.2906860407052467,-1
-0.35032244280843994,-1.191154488056989,1
-0.3485082272732467,-1.1989918074228665,-1
-1.2108798282185056,-0.3062665287604878,1
-1.2153497605505765,-0.31158861606123633,-1
-0.9844329926140878,0.7186606370538029,1
-0.9882675977152043,0.7241657987368457,-1
-0.05434485760007065,-1.303226062245815,1
-0.051384061505921924,-1.3106408068221809,-1
-0.9432678279217583,-0.8498363209430929,1
-0.9450665886362941,-0.8582714292041782,-1
-0.9296057164107026,0.8834133209623607,1
-0.9316475419052671,0.8884803368407534,-1
-1.0206066109654794,-0.7658435946916997,1
-1.0225688473347834,-0.772338243816047,-1
-1.1033673297298172,0.3364234959770309,1
-1.1085132755487979,0.3368114704726187,-1
-0.9399045055792665,0.8466974491167001,1
-0.942833022393109,0.8532146049997255,-1
0.7451224969269992,-1.5194275102970531,1
0.7483628567179146,-1.5235290856254187,-1
-0.13501718763162263,-1.275166432303197,1
-0.1326466373261428,-1.2818370649746265,-1
-0.7049420030002498,-1.0214778079630786,1
-0.7049770869525004,-1.0272234846677915,-1
-1.2093722555147637,-0.35585724384213135,1
-1.2128353274437125,-0.3603277219142106,-1
-0.8965342935762214,0.9929495509684687,1
-0.898349717972093,0.9991966058788585,-1
-1.0771509277871347,-0.6980138755176476,1
-1.0794841383255198,-0.7041720803418392,-1
-1.0976845734957585,0.3361824496014742,1
-1.105701512765067,0.3367906283769918,-1
-0.8658138150189075,-0.9136045343099337,1
-0.8665889352252771,-0.9191980115811975,-1
0.39397987847069565,-1.4367662103459975,1
0.3967137568879915,-1.4411334778176055,-1
0.03633184780862682,-1.331989903280056,1
0.04015043873487146,-1.3405199210618561,-1
-0.8084932701089955,-0.953563754395863,1
-0.8090903592003252,-0.9602981782740526,-1
-0.9265039498728118,-0.8649867794151244,1
-0.9283266986017202,-0.8742785277503682,-1
0.2972777497688395,-1.4068315685318566,1
0.3012226519902649,-1.4136276204340688,-1
-0.7450512973757317,1.4913552142498034,1
-0.7452627609167203,1.4965551340016638,-1
-1.0667878083752518,0.4470037381072294,1
-1.0721494054527143,0.449050552995369,-1
0.37473567682167136,-1.4297026270086328,1
0.3787216099018792,-1.436416145977289,-1
-1.010906026597496,0.6238868651671736,1
-1.0172154077561615,0.631010637668458,-1
-0.493183793748098,-1.1275430703593132,1
-0.49310611865734255,-1.1346180891343056,-1
-0.8106796302044854,1.2697540620963141,1
-0.8122022506859865,1.2758329070814736,-1
-0.8906134285262497,-0.8920934081308403,1
-0.8939858661983724,-0.9003923421062373,-1
-0.08485308643928327,-1.2884399340603239,1
-0.08268142433894834,-1.2953596505506577,-1
-0.30939261764433096,-1.2071087528661766,1
-0.3083232539690053,-1.2139625236157996,-1
-1.2093925880173682,-0.3419037629878249,1
-1.215352224069174,-0.34525875305606424,-1
-0.9778396008856214,0.7223222258920516,1
-0.9824190578466054,0.7288109361913491,-1
-0.03637535623664338,-1.3094284784791868,1
-0.03415941200236218,-1.3158596744392983,-1
-0.8419123937255064,-0.9296208080532337,1
-0.8444560062999098,-0.9370723676980643,-1
-0.9130104276513409,0.937367481282924,1
-0.9157971050057729,0.9434180457775714,-1
-0.9474109152591925,-0.8443243177546808,1
-0.9501180034883638,-0.8498354182627734,-1
-1.1166352914661044,0.2706516640493434,1
-1.12327094100482,0.27300673577744033,-1
-0.9212461940334841,0.9015646734830578,1
-0.924919562707194,0.9090653779823377,-1
0.7442636294837266,-1.519888179759437,1
0.7499994972056898,-1.5271077817999135,-1
-0.12574209763097668,-1.2767926038465094,1
-0.12411639918536438,-1.2824796879016844,-1
-0.683980899067207,-1.031780139104068,1
-0.6855407706914434,-1.0413043952809846,-1
-1.175215416326051,-0.5004367184116965,1
-1.1794233401148673,-0.5039236478675211,-1
-0.8697147622192156,1.0807307658479202,1
-0.8722750384749547,1.0879613693745647,-1
-1.0048016424212025,-0.7843092406213861,1
-1.0078797048194552,-0.7894838968293232,-1
-1.1335939711811185,0.22395328159418915,1
-1.1431006141701618,0.22652855760221594,-1
-0.8314295560789935,-0.9325396671075703,1
-0.8344695002114677,-0.9417595244175889,-1
0.4006422212427794,-1.4342043097121704,1
0.40536512621750354,-1.4419552960391318,-1
0.06248619337550828,-1.3421117305615287,1
0.0655599324418854,-1.3496581997270745,-1
-0.7503887870221506,-0.9926742326077536,1
-0.7517307279733478,-0.9984251078696886,-1
-0.9235245424333418,-0.8689209738801427,1
-0.9268369948819852,-0.8762456249828773,-1
0.3002571572083096,-1.410765762996875,1
0.3034572075698674,-1.4165782662828326,-1
-0.7347149147088576,1.531834005043942,1
-0.7356712301097138,1.538017473412057,-1
-1.0816648008688463,0.39115368319892185,1
-1.0885161016660438,0.3951675953195707,-1
0.30019897350307556,-1.4108435341733414,1
0.3061446502010164,-1.4178944301938488,-1
-1.0428502770263788,0.5270807266409068,1
-1.0470180623369487,0.5338306838499517,-1
-0.3496994431604963,-1.1897253601115385,1
-0.3515702824414602,-1.197499255744718,-1
-0.8071963447226995,1.2858273232405688,1
-0.8097320599354381,1.295094239184131,-1
-0.8028618775710292,-0.9602086823216076,1
-0.8082605047056267,-0.9621314743801992,-1
-0.08228671629563414,-1.2920547658208765,1
-0.0799695815574391,-1.2995180568847386,-1
-0.23948831997600423,-1.238702073145284,1
-0.23937578208782767,-1.2460334727277242,-1
-1.1971165189069006,-0.40264403030731266,1
-1.2051023444211815,-0.39962287845874667,-1
-1.0269642437723818,0.5877498851624925,1
-1.0297605196184927,0.5925882757913424,-1
-0.044724566196123916,-1.307006100573724,1
-0.04231886719003633,-1.3134923505771412,-1
-0.5348965744643859,-1.1075036838873382,1
-0.5384532817700267,-1.1117671725737663,-1
-0.9269624860423182,0.8915546458092769,1
-0.9307622581279876,0.9007932812623269,-1
-0.6783445061148999,-1.0316325280507033,1
-0.6857848720357176,-1.036278587150083,-1
-1.1519654583318921,0.15025072560562897,1
-1.1562963778324875,0.15461633242808015,-1
-0.9474295617471129,0.8358108306368899,1
-0.9497727934495865,0.8411552183657311,-1
0.6032958556231671,-1.4878366950599382,1
0.6080186286138929,-1.491868226142012,-1
-0.11938171011750104,-1.2819558244152907,1
-0.11815650268875123,-1.2869538506088352,-1
-0.6054093913786025,-1.0769725262977867,1
-0.612581513552025,-1.083268754818009,-1
-0.9881879125551085,-0.8045990069205846,1
-0.9934089310751623,-0.8048978654180066,-1
-0.8739298909218645,1.0663162718390895,1
-0.8757165764153527,1.071525609081613,-1
-0.737742138246299,-1.000551330230795,1
-0.7459244525052793,-1.0045245007298638,-1
-1.1867291275062106,-0.03262053941284612,1
-1.1924955437319695,-0.028144830450430036,-1
-0.7078214398478383,-1.0209392010690717,1
-0.7128875734427873,-1.023782916462285,-1
0.2725701513806633,-1.4009692518848893,1
0.27627996162415003,-1.405532167253448,-1
0.021080480860680952,-1.328752867215256,1
0.025201769530960365,-1.337469663629542,-1
-0.5576679927888508,-1.1004512683529362,1
-0.56237806415372,-1.1055768769600007,-1
-0.9087948796861554,-0.8797762393418949,1
-0.9141335215972737,-0.8807247485278241,-1
0.2911878023513369,-1.4077714528651568,1
0.2955617136119777,-1.4130203175202665,-1
-0.731278175202476,1.543237574036721,1
-0.7332475853345695,1.5526091133632387,-1
-1.121236073285202,0.2612592224025707,1
-1.125674818415038,0.2664542494212978,-1
0.5757957588334246,-1.4784705282614767,1
0.5741759581964646,-1.4833706667522697,-1
-0.9720997746499171,0.7561925428171024,1
-0.9764799867981675,0.7588801761813553,-1
-0.02191378605222507,-1.31524212437481,1
-0.027441844678637417,-1.320503762671939,-1
-0.7569434702945046,1.4562709847362962,1
-0.760507647393839,1.4602170974678077,-1
-0.7992804574246137,-0.9638928400995335,1
-0.806572409977843,-0.9662289266093685,-1
0.2627024040251206,-1.4008695236878612,1
0.2592683324082877,-1.4059758597003313,-1
0.08514746990806676,-1.347752927815868,1
0.08061109986622465,-1.3527933180876273,-1
-1.2003045345908618,-0.37654074722016917,1
-1.2088900863339327,-0.37640486177642535,-1
-0.8738664523421881,1.0592297302888407,1
-0.8789590476812641,1.0633807756774212,-1
0.21366671680162658,-1.3845994040229332,1
0.21027692731873998,-1.389217219505181,-1
-0.25274291458712417,-1.2277763164788822,1
-0.2608922608786954,-1.2334144956458493,-1
-0.8209054107378743,1.2293921894998625,1
-0.8251016162736742,1.233324161986118,-1
-0.5840212965430309,-1.0832253827703404,1
-0.5923341184893701,-1.0869231028005695,-1
-1.114582595723677,0.27467950502921074,1
-1.1235061542102027,0.27767042137112274,-1
-0.7970007470125645,1.3221794684800503,1
-0.8016402982080033,1.3268365109686222,-1
0.9567609747169215,-1.5671717516677988,1
0.9568911087217169,-1.5725779732304117,-1
-0.0024159558532849913,-1.3166869743595064,1
-0.006395991124840478,-1.3205606779368178,-1
-0.5589487026329386,-1.0972985305372198,1
-0.5653343721622246,-1.1002472781478148,-1
-1.0436328610121066,-0.7466236818388241,1
-1.0534465185180906,-0.7482972308167852,-1
-0.7532857567281297,1.452820367659984,1
-0.7573687617145832,1.457342359662238,-1
-0.6775899836621011,-1.0320763473322478,1
-0.6862737797775217,-1.0354376230623212,-1
-1.13771921704135,0.20841284986580513,1
-1.1428987446471948,0.20996335910674357,-1
-0.6743715035753994,-1.0394636771264412,1
-0.6814972093588043,-1.042260225303587,-1
0.7629404941112934,-1.5265102368990429,1
0.7620576653688498,-1.532447842748141,-1
0.46808927124679445,-1.4536624784267913,1
0.46555727659600377,-1.4593955671144734,-1
-0.4050412386353832,-1.166239335810368,1
-0.4119889133037482,-1.1701768305944396,-1
-0.9083635675061601,-0.8780234408651004,1
-0.9156255274476497,-0.8798723859386043,-1
0.32749145878820085,-1.410021039292141,1
0.32268009207698084,-1.418019284908329,-1
-0.7148810063742795,1.5929702986490168,1
-0.7181620309332915,1.5969687230720062,-1
-1.0670235918937059,0.4340540376708928,1
-1.0760549760094724,0.4378743742090807,-1
1.0433832610183351,-1.586631107896832,1
1.0347088359955583,-1.5879105289298612,-1
-0.992376909427426,0.6960284935508723,1
-0.9981158275128905,0.7008463409022643,-1
0.9979139794804842,-1.5770018832205306,1
0.9896685089796433,-1.5780030935433813,-1
-0.7581056521451852,1.4400322331430262,1
-0.7630285351817339,1.4461085598616767,-1
-0.6225325764647525,-1.0688952399163627,1
-0.6275372586785813,-1.067933069184141,-1
1.0278758388920357,-1.5829629783885009,1
1.0217243554007744,-1.5838088864266928,-1
0.9717293650800345,-1.571106505457174,1
0.9644755831637639,-1.5718864677546551,-1
-1.2011711668304326,-0.4018315441783514,1
-1.2068226486391822,-0.3996333874693403,-1
-0.9043403627613662,0.9613437765981989,1
-0.9107916640376563,0.9676250359739185,-1
0.8550623665226881,-1.5459407246880466,1
0.8489551651653731,-1.5462981121960162,-1
1.0105979011654054,-1.5787528410708078,1
1.0051645220824055,-1.5794417166671522,-1
-0.8362560450008906,1.184638709029901,1
-0.8418109564739047,1.1907008955032956,-1
0.400213783439178,-1.438449316894427,1
0.39469866652879415,-1.4381679629224025,-1
-1.1343402380017413,0.2176587042532187,1
-1.1401607231822184,0.22128437641131385,-1
-0.8107226583127778,1.2547162304547386,1
-0.8167209154454309,1.2615034869304496,-1
1.3140963931884224,-1.638405129284036,1
1.3089218374491562,-1.6406967164607051,-1
0.3654496740994031,-1.4282057120541067,1
0.35875222695341913,-1.4278189876571399,-1
-0.2597681130245078,-1.2293920634013933,1
-0.26887119442822227,-1.2280803830377098,-1
-0.7062091672123523,-1.0197504053688893,1
-0.7124747019025586,-1.0184569658707305,-1
-0.7643413579457343,1.4194085306596818,1
-0.769783068869402,1.4260607366490747,-1
0.22792175878788284,-1.3907637487688043,1
0.22222115479295834,-1.3903141726467019,-1
-1.1672559853417925,0.07075891970525333,1
-1.1737942188848516,0.07443964293333094,-1
-0.2948382057331165,-1.2154533382430444,1
-0.30468132339094983,-1.2139894584459119,-1
1.3221495257271285,-1.6417928401687307,1
1.3149490444933845,-1.6451471959183699,-1
1.2046172155268542,-1.6187227557561932,1
1.199367809001635,-1.620195416469597,-1
0.503419698580343,-1.4634496486198967,1
0.49375461203754945,-1.4631267154296899,-1
-0.8952216459749156,-0.8920104662383226,1
-0.9002113318828746,-0.8908047247879354,-1
0.40014997756519466,-1.438457963965838,1
0.3950268823351562,-1.4381966587996537,-1
-0.7138544325536015,1.5879238600208716,1
-0.7184941630498276,1.594052498431,-1
-1.0894021361906598,0.3657467036958141,1
-1.0952765341857573,0.3697870859520472,-1
0.7256499893689087,-1.514144724102485,1
0.7204937294972023,-1.5178162135368538,-1
-0.9632951415728992,0.7776163453583265,1
-0.9694435833385227,0.7809183032507913,-1
0.3023423432499527,-1.406349677392317,1
0.2932778253887939,-1.410382666633022,-1
-0.7466389891007335,1.4824771379929857,1
-0.7519713958174411,1.4870375752527092,-1
-0.7591587614343704,-0.9900057658051182,1
-0.7645729673283582,-0.9905594845318236,-1
0.5098449999857175,-1.4615350173619688,1
0.5028744691341382,-1.465412704318015,-1
0.35691810417008357,-1.422323138119547,1
0.34884527489349504,-1.426134879334882,-1
-1.2023178881574332,-0.38295860342114196,1
-1.2083788936463418,-0.382276336171058,-1
-0.8483366961858383,1.1384851417526616,1
-0.8551975211422874,1.143250511669454,-1
0.38665987980048266,-1.4331102787103687,1
0.37973363108284963,-1.4364994451361925,-1
0.13980406046973126,-1.3641563617419539,1
0.13396115770657246,-1.3663611267972255,-1
-0.802034475916747,1.2846887846814052,1
-0.8079989110699202,1.2892350816958726,-1
-0.3697204378961365,-1.1840216968409418,1
-0.37564507848667933,-1.1852562323278444,-1
-1.1187783381557,0.27526250369244937,1
-1.125008347016336,0.2773722863916174,-1
-0.7673131482159248,1.4154005131010134,1
-0.7737209290287369,1.4206718801177973,-1
1.1189175634960762,-1.6020647220128543,1
1.1155112382661252,-1.6062422945190433,-1
0.0753861473111368,-1.3437172536008357,1
0.06786965280483487,-1.346362308121723,-1
-0.4974543977618352,-1.1289976559433152,1
-0.5024154621438515,-1.1298577052204006,-1
-0.975953712137992,-0.81842592919675,1
-0.9826287705083573,-0.8186483791575184,-1
-0.734446129294128,1.5300684611613615,1
-0.7402973638979546,1.5352047776918276,-1
-0.493712782421022,-1.131039877043429,1
-0.49982291009610547,-1.1321061903802536,-1
-1.1393942297514963,0.20177435748320927,1
-1.1463419869747142,0.20393919125235976,-1
-0.5967277623527136,-1.0822554952377526,1
-0.6020588448617893,-1.0830394447981133,-1
1.029935449937192,-1.5818046319798367,1
1.025516161960002,-1.5865135887725104,-1
0.7601295240457171,-1.5220603104458819,1
0.75406107016018,-1.52656475007714,-1
-0.20491818236938933,-1.2516449897406272,1
-0.21016024932094507,-1.252999412604451,-1
-0.9085526089781568,-0.8823296840514524,1
-0.9139518185662748,-0.8826398320599922,-1
0.34276807160632305,-1.4201634073823555,1
0.33682592901596664,-1.4229338811340253,-1
-0.7105782431123295,1.6000509756922885,1
-0.7156274972887147,1.60466372464349,-1
-1.0689259521827104,0.4415411766421702,1
-1.075209873857967,0.4440656694394762,-1
0.547202103277144,-1.4742247833172517,1
0.5461034776555374,-1.4805731502370634,-1
-0.8655383268812555,1.0820517190044243,1
-0.8748762017840093,1.0796303903840994,-1
-0.24205034136423767,-1.2348903954952544,1
-0.24510309598057045,-1.241419512318234,-1
-0.7110070618504158,1.6078742585246295,1
-0.7187128666553381,1.6079698886388218,-1
-0.8630682259208848,-0.9120180061290746,1
-0.8670029275006261,-0.9170843470584074,-1
0.15810106380480815,-1.3690832097058907,1
0.15609530269326508,-1.3755346753865412,-1
-0.07131308260587647,-1.2962151997904343,1
-0.07386999292992416,-1.3026336926007294,-1
-1.2094294332648217,-0.32565904928715383,1
-1.2140109344394836,-0.3294894042396973,-1
-0.6937148383931153,1.6688420699923388,1
-0.6990961590353179,1.6690948177065037,-1
0.13452013172081723,-1.3627345003491333,1
0.1325365116762473,-1.3689417057646727,-1
-0.638075937530971,-1.0542451203222674,1
-0.6424393359798832,-1.0609625075801663,-1
-0.7082628210012394,1.59909064714436,1
-0.7172326826790925,1.59915799676804,-1
-0.8568946272973208,-0.9143255229134933,1
-0.8613397635736171,-0.9200726806030233,-1
-1.051486383890944,0.5092159744822331,1
-1.0562368884373337,0.5068131349787738,-1
-0.6383005686092635,1.8497312673584454,1
-0.6481571216063946,1.8512487569867582,-1
0.9698309851431128,-1.5697851698029996,1
0.9696073268423839,-1.5763865782587216,-1
-0.05123810186613128,-1.3027109121881497,1
-0.05351684480503566,-1.3085460616512206,-1
-0.6361879004511239,-1.0576662959866452,1
-0.6396694605188935,-1.0630389674663578,-1
-1.1833263615200933,-0.474068319045201,1
-1.188521915576212,-0.47880339120859694,-1
-0.6457220812030245,1.8314236372004244,1
-0.6544655417821847,1.8326710258561016,-1
-0.9422121324333548,-0.8467278231691093,1
-0.9468427557941916,-0.8523067587085615,-1
-0.9902599466996417,0.6982240441777544,1
-0.9957281996086131,0.6958762557442775,-1
-0.7835726152109076,-0.9725560894913019,1
-0.7874241934057367,-0.9778526612542902,-1
0.746716520086033,-1.5182413986998426,1
0.7459863804116844,-1.525108499298807,-1
0.3833333605707343,-1.4314314681103473,1
0.38177863794221234,-1.4381963101286037,-1
-0.6239386591721955,-1.0662162980038787,1
-0.6277012218095046,-1.0720833430703298,-1
-0.9183903315090146,-0.8691019654521102,1
-0.922310036782886,-0.8739247356632773,-1
0.31753205959733577,-1.416322198905318,1
0.3160404926164041,-1.4222200579837803,-1
-0.7009957784534708,1.6355511928218636,1
-0.708135278177748,1.6357514463190115,-1
-0.979550977620703,0.7347686865544667,1
-0.9843553949817129,0.7327805571491453,-1
0.5376411636787072,-1.4723475412711675,1
0.5369529922360672,-1.4780042544958862,-1
-0.969289337717491,0.7626054974673135,1
-0.9771181328196716,0.7672241894618933,-1
-0.11855635610346815,-1.2757626988492534,1
-0.12315278553556058,-1.2817809118803083,-1
-0.7534217020685214,1.4460494144960117,1
-0.7596184270728704,1.4531850652251086,-1
-0.8169814121166924,-0.9495179201549415,1
-0.8233417354756016,-0.9526105813987024,-1
0.19493162428723365,-1.37741353317004,1
0.1924291818647207,-1.383276443916436,-1
0.005514462915583496,-1.3179805564637954,1
0.0019097220680613092,-1.3237775214694807,-1
-1.2077575681454211,-0.37048814934876195,1
-1.215411490694172,-0.37110883863894406,-1
-0.873436666822806,1.0586350059231073,1
-0.878063447564722,1.0624077639447247,-1
0.16191076190296344,-1.3720511018609627,1
0.15945260161439678,-1.3774254920771365,-1
-0.39224234064289176,-1.175770290517573,1
-0.39946005774014304,-1.1821650444184661,-1
-0.8241234971430308,1.226238953049126,1
-0.8278538880816708,1.2297926381684183,-1
-0.6677242424267436,-1.036147441988134,1
-0.6751054351787629,-1.040601736752289,-1
-1.1157607960936975,0.2884039980212517,1
-1.1237527253859032,0.2906383396292378,-1
-0.7996087416407752,1.3109583730307313,1
-0.8037824782390541,1.31523712815234,-1
0.9218796013519461,-1.5600467980290664,1
0.9229413645510616,-1.5662095943256054,-1
-0.02900861028279439,-1.309302886835611,1
-0.03205701636002996,-1.3139331651468482,-1
-0.5858302144372629,-1.083602634001445,1
-0.591284254772229,-1.0873079563459658,-1
-1.077108410076374,-0.7001518240491255,1
-1.085990438388038,-0.7025819477610125,-1
-0.7600781221618972,1.4450683533680784,1
-0.7636953125511907,1.4492120580033694,-1
-0.7592399903010167,-0.9865952421515077,1
-0.7669921572221174,-0.9907130926155072,-1
-1.1290779974075233,0.23592043797093704,1
-1.138505423424893,0.23826488171888802,-1
-0.7094460851884019,-1.0195629832858102,1
-0.7156401617774868,-1.0231161061968819,-1
0.6998337111569202,-1.5085340579072009,1
0.6998825116087966,-1.5152282384902245,-1
0.3911468835847665,-1.4301242652243151,1
0.38954651812829577,-1.4366139286459232,-1
-0.4827136434939935,-1.1319007613931027,1
-0.48872968896803853,-1.1365948309111,-1
-0.9111584550891199,-0.8757537166633227,1
-0.9174887858362895,-0.8783592364707524,-1
0.31895357529970114,-1.4149929859726254,1
0.316005466977121,-1.424504381056665,-1
-0.7115593370574832,1.5862710485175302,1
-0.7171897569811871,1.593511322629583,-1
-1.0672315940091168,0.4482791061412512,1
-1.0753313489305634,0.4513428679455132,-1
0.20593638915607576,-1.3827819166041295,1
0.211645777035203,-1.3880021735357495,-1
-1.1191082560772232,0.27832777810453013,1
-1.1205394918576366,0.28338292639220874,-1
-0.7276221158872911,-1.0092643384475368,1
-0.7258209859976162,-1.0148460951854927,-1
-0.9136197971013552,0.9438239633120049,1
-0.9134189627839369,0.9513960703342008,-1
-0.9399872417817334,-0.854218596647998,1
-0.9399127698560173,-0.8595310065493222,-1
-0.31635102474842325,-1.2073756378510696,1
-0.31245590784916893,-1.2128020923043668,-1
-0.5396084651878399,-1.1109242884545178,1
-0.5368156467135948,-1.1162847971671042,-1
-1.20365806073228,-0.3658735478218895,1
-1.2086835136402145,-0.36661047981022254,-1
-1.1387121072859578,0.2065021301174594,1
-1.1415681094480226,0.21448410245379324,-1
-0.2146317422523118,-1.2467457261088422,1
-0.2106923432191112,-1.251683660031917,-1
-1.0096919533644064,-0.781120634609272,1
-1.0105121111398905,-0.7870789322170662,-1
-1.0611247758674789,0.47889942247325124,1
-1.0621879984229916,0.4864432490049349,-1
-1.0476905723133243,-0.7381095404646403,1
-1.0496578391738283,-0.7461452174067527,-1
-1.1737604982298844,0.05096328553715304,1
-1.1769492381707614,0.0563048813393229,-1
-1.0955534169117054,0.3552514403431404,1
-1.0975033307864959,0.3642454068794568,-1
0.5445045417489027,-1.473558017104902,1
0.5519638642697853,-1.479284357108342,-1
-0.21389540187517875,-1.2467370383892338,1
-0.21054624863064703,-1.2509308604073723,-1
-0.756769127093781,-0.9886009588041202,1
-0.7548820891201786,-0.9951386909069639,-1
-1.1709621715183443,-0.5077200841078447,1
-1.1759311094981382,-0.5117074189454212,-1
-1.032715751023236,0.5615442710785348,1
-1.0335525724800558,0.5702681366422155,-1
-1.0801115071622904,-0.6890666451651697,1
-1.0828207223609572,-0.696429433506971,-1
-1.1958090314670087,-0.10025621305082039,1
-1.2018687648582134,-0.09469441296872073,-1
-0.9115470014755356,-0.8768233411801316,1
-0.9111400360101709,-0.8830566744160773,-1
0.1098430404499194,-1.3545567999646027,1
0.11628940022356293,-1.3608145242545278,-1
-0.2229836887678494,-1.2423242928218017,1
-0.2181864949025529,-1.248377499950311,-1
-0.8970001345282943,-0.8902949621035203,1
-0.8962371068328499,-0.8988101885533175,-1
-0.9309561902258003,-0.8575415139136413,1
-0.9306872759274099,-0.8662177679709648,-1
0.2785928225312005,-1.4037810873982575,1
0.28351632769167767,-1.4081003286471785,-1
-0.7755207372614372,1.3912975943370487,1
-0.7747535978633739,1.3989743247422002,-1
-1.1618366079872198,0.11273746385055997,1
-1.1652409991865784,0.11973790004528165,-1
0.4592318549835325,-1.448800625987758,1
0.46119655068515436,-1.4565104533064668,-1
-0.9617932210749687,0.7913686479887235,1
-0.9669691490328873,0.7939342258893132,-1
-0.3502213505227285,-1.192226842580496,1
-0.352164912810559,-1.2002981697055408,-1
-0.7648236363453271,1.4221155257662854,1
-0.7683674942054143,1.4271980624013925,-1
-0.8673858878576692,-0.9105087523691299,1
-0.8710933440723165,-0.9156545277068808,-1
0.04241915241578177,-1.3295771392820912,1
0.04256957713753076,-1.3374931641224774,-1
-0.17909350563830723,-1.260975817257203,1
-0.18004537934156747,-1.2688258963568781,-1
-1.2089762836815607,-0.3433680230601527,1
-1.2139773390860498,-0.34604182644432485,-1
-0.8798125008282138,1.0505142658259174,1
-0.8864131951677838,1.0560066677751623,-1
0.05431145012239534,-1.3324384498683524,1
0.05450615697809061,-1.3398659541785163,-1
-0.7054002076055832,-1.0172752725188066,1
-0.7099650575585725,-1.0257231405136897,-1
-0.8301038432644097,1.1935348279819458,1
-0.8349117579974277,1.1985890841265405,-1
-0.8729156536368756,-0.9078454537952836,1
-0.8776439792446329,-0.9143528626534287,-1
-1.0992436917585677,0.3467353255890259,1
-1.1045827539065116,0.34691655310302194,-1
-0.8144366425691635,1.2521774443158413,1
-0.8201312486214594,1.2586818404650688,-1
0.8470730622736333,-1.5395398351911453,1
0.8507876926170106,-1.5477557455816742,-1
-0.08325256996695415,-1.2882907821714917,1
-0.08364810889992777,-1.2949741745767192,-1
-0.6497956379924339,-1.0499509968106848,1
-0.6525968111831381,-1.0557094332491954,-1
-1.1660302256252821,-0.5382919426329198,1
-1.1722593867926843,-0.5427751804387969,-1
-0.7767391100901706,1.3813387730516586,1
-0.7813206237244956,1.3875730682282506,-1
-0.9422878232550909,-0.8449303696661923,1
-0.9473871230319296,-0.8511013342241818,-1
-1.092971861302798,0.35652673627348447,1
-1.0997464201759057,0.35681806592744536,-1
-0.7925733089610831,-0.9635757974711694,1
-0.7961145184059062,-0.9691820344762312,-1
0.562421424625938,-1.4754081114329787,1
0.5651230922220762,-1.4841554061099926,-1
0.2196765691963953,-1.3824299454105793,1
0.22072907088418647,-1.3909727229261772,-1
-0.6613544309428878,-1.0403967197196453,1
-0.664717609272671,-1.0471439033316328,-1
-0.9191170565219057,-0.8695943743813526,1
-0.9227945201248133,-0.8742530082827723,-1
0.30952091970562523,-1.413589341232675,1
0.31069973268859713,-1.420398152868685,-1
-0.7182191959495487,1.57989420710321,1
-0.7211967487289908,1.5850813671212727,-1
-1.0508618815372697,0.5061163061808819,1
-1.0563087693144544,0.5071269538911538,-1
0.9852595509930142,-1.573467876120662,1
0.9800835486153872,-1.5744701608985845,-1
-0.9812074192099105,0.7154536933116702,1
-0.9873657322284943,0.7200902535323582,-1
0.8854526047581428,-1.5512882691106022,1
0.8763683443910633,-1.552652053694861,-1
-0.7517048719875115,1.4510033123906838,1
-0.7570471499571796,1.4568983519786305,-1
-0.6557755442946636,-1.0488844310653187,1
-0.6611996214416117,-1.048103547463801,-1
0.9375546801839865,-1.5639851044118367,1
0.9305644068264864,-1.5651935867114364,-1
0.8600987576178698,-1.546337811389016,1
0.8520061858353606,-1.547480347947905,-1
-1.2022093043748694,-0.3976392290315968,1
-1.2082801811167383,-0.3956223594532897,-1
-0.8883664518340926,1.0135980935077524,1
-0.8952371480435022,1.0196980657527681,-1
0.7418333299799975,-1.521844847325096,1
0.7348873387564439,-1.5225648090944734,-1
0.8794450046579463,-1.5507975749993967,1
0.8735922306418271,-1.5516677377264452,-1
-0.8252407138340563,1.2147902190765456,1
-0.8312150202401898,1.2206711184192363,-1
0.18950565080761078,-1.3802723058763235,1
0.18357113896410762,-1.3801722390350029,-1
-1.1308829907703992,0.23143638527475152,1
-1.1371228708839956,0.23488077030214272,-1
-0.7983550557309895,1.3069625130343927,1
-0.8047727077967619,1.3135684823793996,-1
1.3185376474489887,-1.6373628009243197,1
1.3116855119772453,-1.6403795366238048,-1
0.2717626447591811,-1.4030676595671885,1
0.2642264077469585,-1.4030435094316296,-1
-0.33796986481824987,-1.2002366513650982,1
-0.347911736088203,-1.1992875452628224,-1
-0.7878773986654821,-0.9710150073537875,1
-0.7945623282888078,-0.9699028549863329,-1
-0.7513088453983832,1.452055247777138,1
-0.7571699512551702,1.4585261666358271,-1
0.02166026167246782,-1.3284090573181295,1
0.015540262744423973,-1.3281407683267312,-1
-1.1594379299313615,0.10016607020458444,1
-1.1663955584075398,0.10366550630195809,-1
-0.3878777754675289,-1.1784686835648797,1
-0.3932187292295649,-1.1779180307970174,-1
1.333250468226859,-1.6406226312933943,1
1.3243724072606375,-1.6447021355658493,-1
1.1695983402411283,-1.6099667349927531,1
1.1635101438496704,-1.6118019699675648,-1
0.31098592578731055,-1.4138586636232209,1
0.30573398758279446,-1.4138784841588214,-1
-0.8976949622841586,-0.8897170020037116,1
-0.903104043125237,-0.8886925476840284,-1
0.3845999798098666,-1.4328005469980216,1
0.37863809471358945,-1.4329018160932452,-1
-0.7155583985179923,1.5953215083459278,1
-0.7206175239473378,1.6012688596253524,-1
-1.0873137683193428,0.3863883456075995,1
-1.0936075612475598,0.3902474407331286,-1
0.266584248307136,-1.3999830015359298,1
0.27028065258059586,-1.403933640183328,-1
-1.0385504030272847,0.5342234786576516,1
-1.0438428245500955,0.5425235645532511,-1
-0.07837965183181667,-1.2945295535866819,1
-0.08249976353726157,-1.2992031918467521,-1
-0.7971168886941147,1.3181091762520918,1
-0.7989470644066041,1.3235176985671502,-1
-0.6472073726909833,-1.0530221657380654,1
-0.6548552722500618,-1.0518447004235478,-1
0.04381808017464704,-1.33351539167476,1
0.043953804802075114,-1.342241459056266,-1
-0.03154538660826485,-1.3028528791618998,1
-0.0358188556808737,-1.311315163580562,-1
-1.1973432629640954,-0.418303528221945,1
-1.2024608119334763,-0.4152428236111074,-1
-1.0168535073266805,0.6092442721754663,1
-1.0202121012789114,0.6148577271475937,-1
0.04923776986962851,-1.3350656608206672,1
0.049550623032841704,-1.3418376460812835,-1
-0.1508314966070476,-1.2702418040394545,1
-0.15551284012492889,-1.272955164039328,-1
-0.9142316221684497,0.9340261990386418,1
-0.9166938263174047,0.9394205811084442,-1
-0.298033754459364,-1.2130971044641194,1
-0.3077233928046625,-1.2146429061903903,-1
-1.1536631134849467,0.13655203242762093,1
-1.1591186691977824,0.1424677679366267,-1
-0.9293500484442878,0.8849029480429775,1
-0.9322555982528817,0.8910224001150961,-1
0.472880001044325,-1.4567623315069396,1
0.48007627460129565,-1.4617251362979777,-1
-0.03672535204948423,-1.303224474397724,1
-0.04082161203240896,-1.310815549679465,-1
-0.4257230932692907,-1.162822595004804,1
-0.4315584267804829,-1.162870451891806,-1
-0.7267206349815138,-1.0075903511595938,1
-0.733066289713808,-1.006339080970461,-1
-0.8562157874243688,1.1270473617312704,1
-0.8585647910239773,1.1330317633170712,-1
-0.3552967063454434,-1.1921647428311084,1
-0.360512499687174,-1.1926011993940882,-1
-1.1923947987758376,-0.08036910487889234,1
-1.1992858512138374,-0.07434326722992167,-1
-0.4709748337340124,-1.1410361054519267,1
-0.47829023975344237,-1.1407795634720306,-1
0.2427471620632931,-1.393991405240966,1
0.24791751012578558,-1.4000169786049743,-1
0.10662415622903045,-1.3555729104858312,1
0.10849617247482887,-1.361189449527008,-1
-0.23031082015857338,-1.2379827421689078,1
-0.2372701639479236,-1.2400080934028632,-1
-0.8922098756526321,-0.8943290170215116,1
-0.8997977899882315,-0.8921772688343317,-1
0.2833124149483036,-1.4039352741926985,1
0.2875616926206232,-1.4082324887566995,-1
-0.7277669289409061,1.555040457203856,1
-0.729313952113073,1.5605012912103924,-1
-1.1216431128679325,0.25074349835923015,1
-1.127206494210009,0.2574886540645118,-1
0.4025562825605552,-1.4364112701048881,1
0.40534845886226495,-1.4421178831250558,-1
-1.005016559807451,0.6414436990905501,1
-1.0093650071652818,0.6460124912896807,-1
-0.38024295033531363,-1.1807490228157596,1
-0.3813590320230562,-1.1868171356422634,-1
-0.7900076640285798,1.3338250948529764,1
-0.792724041288579,1.3409108457866243,-1
-0.8571882387283039,-0.9202867746885163,1
-0.8629481899574227,-0.9265718967669365,-1
-0.01670759810342381,-1.3153912396155345,1
-0.015729692781586955,-1.3213040501573798,-1
-0.22269577097343538,-1.2445247923505371,1
-0.22282016407660776,-1.2503716571516716,-1
-1.2022117516650108,-0.36472423830011846,1
-1.210558901273813,-0.36606541647138097,-1
-0.962618012220399,0.7856384869591106,1
-0.9683912259598813,0.7931341032068965,-1
0.010016817282573082,-1.32118660014294,1
0.011039004738356215,-1.326610890154563,-1
-0.6826744451330409,-1.035143184576772,1
-0.6864118144859424,-1.0415878382731143,-1
-0.8891689036056665,1.017159528913861,1
-0.8931493377385966,1.0242169993569967,-1
-0.8363915348588715,-0.9379665709641047,1
-0.840292379866541,-0.942470765523709,-1
-1.1254280159192174,0.24402771382145177,1
-1.1299395974670734,0.24621215563398868,-1
-0.8916856128222925,1.0042978258344961,1
-0.8965527382745005,1.0128054362822645,-1
0.7669158323493275,-1.5270871253420575,1
0.7714579432927927,-1.5332998214340456,-1
-0.10120721517247605,-1.2802238222865086,1
-0.10034333183824756,-1.2895841784998816,-1
-0.6466083240880285,-1.0524630613818045,1
-0.6505557092692611,-1.059973505661744,-1
-1.12424117561951,-0.6278668775031085,1
-1.1296428561868246,-0.6303469010104448,-1
-0.8349853813948396,1.1883562435488246,1
-0.8387394144290768,1.1965937530239574,-1
-0.901132143595885,-0.8872939002981954,1
-0.9054039627726358,-0.891461650557644,-1
-1.1461392440188904,0.16104963069917322,1
-1.1520863222919102,0.16334417465167503,-1
-0.7812917713820744,-0.9748297169440842,1
-0.7867192290715447,-0.9820357623571259,-1
0.4523386176930735,-1.4514377277661188,1
0.45586776588929956,-1.4581818081445919,-1
0.13220306634583917,-1.3612855471677494,1
0.13408304863371823,-1.3678251103848065,-1
-0.6519079944945121,-1.048209395542111,1
-0.6544436922242074,-1.0529533648555576,-1
-0.9187495153193495,-0.8729485976740963,1
-0.924449481324989,-0.8782594368798541,-1
0.3030258907392422,-1.4099877894533597,1
0.30503218432230195,-1.4147933867908287,-1
-0.7251714103711613,1.5506684755026565,1
-0.7273214825505154,1.5578588498192603,-1
-1.087479976611339,0.37487864794344816,1
-1.0920993837884359,0.377892509952261,-1
0.4951630577704915,-1.4600450380959902,1
0.49582099835181753,-1.467101270951701,-1
-0.8011789824872443,1.3034892685356618,1
-0.8070037249841329,1.2996522080435389,-1
-0.3825756375988471,-1.1782611206233282,1
-0.38387182601224734,-1.1854981033822072,-1
-0.6863127572157004,1.6761744691455385,1
-0.6946981020138143,1.6735342656303267,-1
-0.8942648483997959,-0.89279434648176,1
-0.8964429837766046,-0.898568553346992,-1
0.06299729393783629,-1.3380177807838898,1
0.06274809902922585,-1.3451771124004392,-1
-0.18277709751174648,-1.2587460045749865,1
-0.18357744163286155,-1.2658723633211806,-1
-1.2124902491008398,-0.28468924590136824,1
-1.215315184072569,-0.28922746678981076,-1
-0.6418167462849776,1.8452587131004705,1
-0.6490662551635176,1.8443484766570026,-1
0.06930012837067304,-1.3434585320723058,1
0.06907307452903572,-1.3503736034237441,-1
-0.8340731544500546,-0.9328828079812868,1
-0.8366799866960342,-0.9403080611750848,-1
-0.673872009440078,1.737767800505932,1
-0.6793287387120659,1.7364194182578139,-1
-0.9733302344095871,-0.8146346804712612,1
-0.9760188044829508,-0.8210897040966902,-1
-0.9722945668973936,0.7536045424987137,1
-0.9782824435843072,0.7473831316199968,-1
-0.6092063963269232,1.9607333930201636,1
-0.615549816918189,1.9608351507766781,-1
0.9116406421456076,-1.5530270023740522,1
0.9131735500478113,-1.560336276765673,-1
-0.08109972731598579,-1.2906771912778652,1
-0.08162190405195754,-1.2972202066768352,-1
-0.6695942306449392,-1.037428439853052,1
-0.6713192245097762,-1.0435089772686637,-1
-1.2119733356971367,-0.250831560902827,1
-1.2154123235503227,-0.25627449900212196,-1
-0.6228624535240949,1.9223589191458392,1
-0.6280927816973898,1.9221905759297182,-1
-1.0498446494350953,-0.7363487987626183,1
-1.0527187065929995,-0.7426356002379695,-1
-0.8618945207008148,1.0925322077870767,1
-0.8693178941128924,1.0864208990483248,-1
-0.8303230111121606,-0.940019101952454,1
-0.832418023104057,-0.9460235396513412,-1
0.6444018274958283,-1.4984943421504882,1
0.6454282540244125,-1.5060693086853516,-1
0.26780367832600277,-1.399657732249319,1
0.2680055219004134,-1.4071304402034746,-1
-0.7253206384793995,-1.0105945198452337,1
-0.7273266349137761,-1.0171694308475838,-1
-0.9236600301178123,-0.8669783676444129,1
-0.9258231691887511,-0.8725090037914792,-1
0.3122623609885379,-1.4141986010976209,1
0.3125273602105389,-1.4208043261119823,-1
-0.6929503994288204,1.6564006212963025,1
-0.7002031340656443,1.6539696645470021,-1
-0.8954658506531692,0.9991250711027451,1
-0.9015615529693237,0.9937330804203042,-1
0.5339439121130861,-1.4705682723164224,1
0.5332645818550124,-1.477261635026601,-1
-0.8462956925505876,1.1369505562870634,1
-0.8547949767262757,1.1338392360860046,-1
-0.2808608889524621,-1.2210389574925924,1
-0.2834943482052621,-1.227913070105939,-1
-0.7036643829885642,1.6268115023284095,1
-0.7105315970664208,1.626217140861868,-1
-0.8710348378280082,-0.9054630861121025,1
-0.8745502440442166,-0.9108744228318023,-1
0.13387264842602636,-1.357249898497093,1
0.1322861826780161,-1.3640463599681105,-1
-0.10200392042947298,-1.2880074421986407,1
-0.10414153538998787,-1.2947709307993025,-1
-1.2107180671796187,-0.31699875326947324,1
-1.214880272990748,-0.3211741040123836,-1
-0.6761674096248929,1.7337290130773249,1
-0.6860914601822324,1.7335445169249213,-1
0.1174418785890663,-1.3565218573114628,1
0.11587755390802917,-1.3630740585173688,-1
-0.6958602919621338,-1.0273153873651326,1
-0.6998043950475132,-1.0343777704133985,-1
-0.6991435957884664,1.6427786609455683,1
-0.7072748667392539,1.6421560189885145,-1
-0.8932062112021102,-0.8938530005351354,1
-0.8972320521148736,-0.8999451540150323,-1
-1.035009195328477,0.5587740580039804,1
-1.0393404045113337,0.5560262227101541,-1
-0.6259033477980549,1.8988630945504146,1
-0.6349213100681204,1.8996905925979934,-1
0.9557705798458013,-1.5650017171766124,1
0.9559662169086052,-1.5719481214227011,-1
-0.058366123046188975,-1.2968459837519115,1
-0.060225570621560545,-1.3030261290053495,-1
-0.64457380772178,-1.0507663801793063,1
-0.6476360724260168,-1.056484047449386,-1
-1.1965070697417757,-0.4271833713718947,1
-1.2012833284343616,-0.4322634393256576,-1
-0.6398648451352333,1.868231360939121,1
-0.6477697149873279,1.8687887580140643,-1
-0.9740785800618481,-0.8205081431012214,1
-0.9782899080591522,-0.8264320744310405,-1
-0.9606132471405819,0.7902308118922705,1
-0.9656622046860206,0.7875380276684266,-1
-0.7957321807533588,-0.9625512115706605,1
-0.7991644635846551,-0.9681927791240157,-1
0.7209371096524333,-1.5119658440564885,1
0.7206262653416177,-1.5191779404458199,-1
0.35338901204759077,-1.4228814215633756,1
0.3522535847826016,-1.429991259371999,-1
-0.6524396482579402,-1.05172859143868,1
-0.6557829155317165,-1.057940632295498,-1
-0.919648217599613,-0.8680669780810093,1
-0.9231486275099516,-0.8732347440825434,-1
0.31627417350673737,-1.415287211534217,1
0.3152019018893385,-1.4215300664030464,-1
-0.7005650045457186,1.640870871970587,1
-0.70686591354293,1.640381133887001,-1
-0.9533800801927792,0.7964120856849267,1
-0.9621503241877334,0.79174583529355,-1
0.4469840008244682,-1.450484224249974,1
0.44866548416958013,-1.4558390134165147,-1
-0.8906587416499678,1.0144553339725197,1
-0.8982140555886012,1.0135869877449537,-1
-0.4562796892132942,-1.1483104436656701,1
-0.45655233486290847,-1.1538459827353789,-1
-0.750046469907562,1.4685399590553136,1
-0.7543376436505322,1.4727055302967822,-1
-0.903189777545288,-0.8860955885045432,1
-0.9054989627713333,-0.8942411148566669,-1
-0.0067374296463278156,-1.3190365377623148,1
-0.005963081791152336,-1.3244944256896942,-1
-0.25159351629057514,-1.234037551934955,1
-0.2513703176479043,-1.239462466991979,-1
-1.2113443978812366,-0.2846767932935006,1
-1.2149471822971236,-0.2903503476920455,-1
-0.8044893929535533,1.2963295446260228,1
-0.8096918163045214,1.298822195560895,-1
0.020505255042150117,-1.3265060899484045,1
0.021301743964298736,-1.3317197176106728,-1
-0.8913277199429886,-0.8920142072347467,1
-0.8929110094251824,-0.8977380167393747,-1
-0.7899298248424479,1.3440619292861413,1
-0.79674911233128,1.3481709395465855,-1
-1.0010318707323873,-0.7911806525924858,1
-1.002696898041965,-0.7959342325287448,-1
-1.0244922174751567,0.5921902202924774,1
-1.0323737997938403,0.586553173291724,-1
-0.7677169743103679,1.4204314855730384,1
-0.7720133093740618,1.4239361307078933,-1
0.8471863229487959,-1.541880675687255,1
0.8497427736147856,-1.547488506389706,-1
-0.1020095164950459,-1.285710732025156,1
-0.10100678443941755,-1.295393875444756,-1
-0.6847755687749841,-1.0337469137876478,1
-0.6861784709770864,-1.0425051012405313,-1
-1.2114054800736114,-0.2624787364674496,1
-1.2162363702524117,-0.26996172528769946,-1
-0.7477647114294736,1.4845288267968852,1
-0.7541311967209199,1.4909979151213235,-1
-1.0683767517745206,-0.7113132742533731,1
-1.0720777805627573,-0.7204839898257354,-1
-0.9703255326710165,0.7627993845495015,1
-0.9757018205555221,0.7600909631890898,-1
-0.8459807983678667,-0.9282189461709676,1
-0.8481237368240877,-0.9368249341904021,-1
0.5430105348202581,-1.4721326526736234,1
0.5450605041126282,-1.4780061755193166,-1
0.1741130556651817,-1.3758110502615393,1
0.17533844200337828,-1.3815823145265247,-1
-0.761271587057591,-0.9796269438047357,1
-0.7632364943987722,-0.9893738784310959,-1
-0.9255910621020174,-0.8682535062540269,1
-0.9278702547163231,-0.8759118911698194,-1
0.30661464872560623,-1.4094943695147482,1
0.30790319071139316,-1.4143986508399395,-1
-0.7162280771249302,1.5888299692207202,1
-0.7193866407066103,1.5932047872281,-1
-0.962065889932934,0.774632560133951,1
-0.9701631235100994,0.7706543535257494,-1
0.5427369575892862,-1.473945249383867,1
0.5415972126708726,-1.4815744710449765,-1
-0.9411397362054996,0.8467496851103187,1
-0.9494201047834537,0.8493958686685077,-1
-0.17329453038317005,-1.2617950103520121,1
-0.17834253329103605,-1.2697857318194576,-1
-0.743035512125729,1.4914171085329995,1
-0.7496838106058517,1.4965802508257058,-1
-0.8356491034157256,-0.9323009385841234,1
-0.8424610002504085,-0.937366108264275,-1
0.17976666330608965,-1.3727039124183917,1
0.17681264740780311,-1.3805393316011787,-1
-0.029582716856092636,-1.31210657473522,1
-0.0336390311793884,-1.3198760481772962,-1
-1.2041449803392326,-0.3547080818576357,1
-1.212250476363757,-0.35730127958420854,-1
-0.8244446394708993,1.2246702322822607,1
-0.8292972069507021,1.2274567360856827,-1
0.15132793676627757,-1.364647242494586,1
0.1484182030019373,-1.3719941411471506,-1
-0.49392671838487723,-1.1298460118371862,1
-0.4977613636713897,-1.134029643005828,-1
-0.7922777475739777,1.3256470383756431,1
-0.8001901029270313,1.3307819001778372,-1
-0.7527024455879385,-0.9905288825761853,1
-0.756618828701835,-0.9937422841764583,-1
-1.0937700890525113,0.3473174179413798,1
-1.1022135918204905,0.3475792511129751,-1
-0.7558127505959917,1.4572427750441896,1
-0.7602122739321575,1.4605352759476031,-1
0.9451412906647598,-1.5664445247755125,1
0.9457514803881016,-1.574579829508442,-1
-0.037477038532368556,-1.302866651845936,1
-0.0409770180853777,-1.3094694385935641,-1
-0.6113292808346821,-1.0742744330863168,1
-0.6172348946454218,-1.079952263867228,-1
-1.126037536256782,-0.6229399003610737,1
-1.130704337150501,-0.6251412164352126,-1
-0.7234868628749227,1.5450702203364794,1
-0.7311728171292833,1.5513851211706706,-1
-0.8388319158304417,-0.9327120051958127,1
-0.8429337860288788,-0.9357571846460078,-1
-1.090749868940645,0.35981653415199577,1
-1.1006288684337882,0.360188469463556,-1
-0.7424184313692043,-0.9990671496263241,1
-0.7490640814340628,-1.0045927809737867,-1
0.722241244772196,-1.5142663617058008,1
0.7218384717482986,-1.5229330507252152,-1
0.38947443049723385,-1.4294159328413327,1
0.38742249156498954,-1.4378781046993316,-1
-0.5457143267692666,-1.1049098381347,1
-0.5521819457190852,-1.1115764160890884,-1
-0.9165856388847424,-0.8744142195979709,1
-0.9233675431076855,-0.8789922478417914,-1
0.3188342415657318,-1.4138311582054728,1
0.3169086139286682,-1.4205593641838836,-1
-0.7083983227270683,1.6000786075722657,1
-0.7144803161265457,1.6053463732479276,-1
-1.041068900056727,0.5241156817926204,1
-1.0496202284539473,0.5252069351604916,-1
0.5376759681006166,-1.4705755572455204,1
0.536504336427033,-1.4802805689288245,-1
-0.9147680662234803,0.9384490555010971,1
-0.9230803215566044,0.9390194490370914,-1
-0.22465639302451174,-1.2387943996171638,1
-0.2271963378560297,-1.243827655361984,-1
-0.7289417462862358,1.532985574502454,1
-0.7356219315215282,1.5360729267729658,-1
-0.855702152857735,-0.9225869673582421,1
-0.8625459364475878,-0.9297279270605885,-1
0.15578950797918661,-1.3656144296841684,1
0.1542965566524584,-1.3705700342866591,-1
-0.06478218880378737,-1.2969244448039214,1
-0.06682628934302022,-1.3018470765360566,-1
-1.203889886297873,-0.3381017616800781,1
-1.2120272690775675,-0.34277074942884567,-1
-0.772953496442068,1.3898536663121466,1
-0.7778220072994557,1.3916022751044714,-1
0.1346667030594843,-1.356833883855106,1
0.13172508253997411,-1.366256572529865,-1
-0.5874332306651129,-1.080828329410827,1
-0.5912838193292103,-1.0860498555905662,-1
-0.7587788943619077,1.4255034124541592,1
-0.7667231364701312,1.4285624842341587,-1
-0.8177344508984361,-0.9444808937043819,1
-0.8216667773899174,-0.9487321903157522,-1
-1.0758308205959446,0.4152948223306142,1
-1.084306210119094,0.41348086548001484,-1
-0.7135704398913961,1.5999008387556293,1
-0.7224013733188974,1.6044100505402614,-1
0.9492147861344631,-1.5644834253072446,1
0.949503937618549,-1.5695889726848067,-1
-0.047594336129356825,-1.2977655318224839,1
-0.05112620243753589,-1.3064441085923066,-1
-0.628631594449692,-1.06432265514052,1
-0.6345690950156015,-1.0720762759436262,-1
-1.1619370394238862,-0.5471398779554233,1
-1.16661978369519,-0.5503790890406596,-1
-0.6985157948016452,1.6506729191655878,1
-0.7062336358111757,1.6549120299775844,-1
-0.9029472181348637,-0.8828348503446863,1
-0.9070650317108857,-0.8869179248059789,-1
-1.054021014740674,0.4986305870596772,1
-1.0589764578648304,0.49777865970435997,-1
-0.7683951832804099,-0.9817296645944746,1
-0.7717339516904241,-0.9855303752793032,-1
0.719642541119214,-1.516681991535743,1
0.7194252112296804,-1.5220532310565478,-1
0.36928425880339033,-1.430047661407046,1
0.3682423459596832,-1.4353166423471428,-1
-0.5962116949161886,-1.0772866509042123,1
-0.5994614477686829,-1.0816578348925039,-1
-0.9165218653744025,-0.8702626395535815,1
-0.9233356563525157,-0.8769164578195967,-1
0.3189299018312416,-1.4076037881388888,1
0.316972387439008,-1.4164077841394942,-1
-0.7081751154408786,1.6146091377276284,1
-0.714288995595526,1.6178011133810957,-1
-1.0140437843927594,0.6101008926433786,1
-1.0226269995451496,0.6091163559890552,-1
0.5840377414683167,-1.4813173779665303,1
0.5820990079450008,-1.4864106672150046,-1
-0.9060869660850632,0.9625413565018768,1
-0.9115960114381494,0.9625857698630518,-1
-0.13202022152903548,-1.2772821785341861,1
-0.13591308404707753,-1.2825562176858285,-1
-0.7176119856100756,1.5606594575847672,1
-0.7269980062184163,1.5632652430416343,-1
-0.8423313663069587,-0.932053218626491,1
-0.8471061757884092,-0.9358644818844863,-1
0.22907971161637822,-1.390089911874297,1
0.2262338426031259,-1.39528629988361,-1
0.015583897459375298,-1.3236509416951199,1
0.012186879233618365,-1.3288143568340773,-1
-1.2093512486953442,-0.34712561357695293,1
-1.2147728577717154,-0.3497008908581589,-1
-0.7452822343294139,1.4889210938591662,1
-0.7515036628733257,1.4904289192446687,-1
0.18537021970801354,-1.3745074799792072,1
0.18254649176173438,-1.3794596077234091,-1
-0.4756610210201133,-1.1380516481726883,1
-0.48086452737073476,-1.14351395775925,-1
-0.7456164887222807,1.4882306046913258,1
-0.7509415274629165,1.4895193571745033,-1
-0.7604948537976762,-0.984014023497324,1
-0.7657800979756817,-0.9885061035155165,-1
-1.081578664903033,0.4116745760348067,1
-1.0871692773511317,0.41052681420268483,-1
-0.6793427891374648,1.7063270263094101,1
-0.6851111735377395,1.7083408487949039,-1
1.005841017218294,-1.5750334951377836,1
1.0047772510158561,-1.5803798259221677,-1
-0.02759971501523325,-1.3103070172256857,1
-0.030718565855846872,-1.3148870890174194,-1
-0.6107424064779812,-1.0745326617966442,1
-0.61506407444746,-1.0786502556050195,-1
-1.142780700919793,-0.5846292777064199,1
-1.1488163628776211,-0.5881092721984784,-1
-0.6768853035835671,1.730293771962004,1
-0.6820971417748565,1.73217254396118,-1
-0.8510102755907214,-0.9204944368501837,1
-0.8564810068532676,-0.9248182947182984,-1
-1.0543195905696598,0.49944773487862926,1
-1.0606279513803405,0.4983550241164898,-1
-0.7451344277717245,-0.9968288596851362,1
-0.7498261138682627,-1.000870353776787,-1
0.8128254699491646,-1.5374258297038224,1
0.8112552223731069,-1.5430378526314492,-1
0.4651236179160879,-1.4536591866025117,1
0.4627287873858567,-1.4591689509494308,-1
-0.5413134912965121,-1.1092371865183317,1
-0.5459161618355304,-1.1138491539134454,-1
-0.9158700078038868,-0.8728671984661225,1
-0.9206298209794674,-0.8764348910059523,-1
0.3223840581851044,-1.4154446505122056,1
0.32005238330246355,-1.4200874319193306,-1
-0.7068736988849327,1.623400923102785,1
-0.7156934144126283,1.626111331942608,-1
-1.01622789386879,0.6154141792164245,1
-1.0218724191315092,0.6146811274824406,-1
0.558404613953837,-1.4745802501542575,1
0.5561965499875925,-1.4840850271921249,-1
-0.9117627543046773,0.9326909334272844,1
-0.9211114419304625,0.9334615616087155,-1
-0.1773964519081663,-1.258972760701365,1
-0.18045461288601478,-1.2639058991234666,-1
-0.726180791553571,1.5378424691143786,1
-0.7338974090815245,1.541130056030327,-1
-0.8472050732870597,-0.928460145631939,1
-0.8511451812283166,-0.9319305081603937,-1
0.190571686895594,-1.3775782468769489,1
0.18856051942253527,-1.3824337341567212,-1
-0.02485078149024902,-1.3099565796762487,1
-0.027413098175812375,-1.3147790940856656,-1
-1.209359150565118,-0.346406768498569,1
-1.2139460581012957,-0.34864114505023436,-1
-0.7681396522878037,1.4026601882422542,1
-0.7735263792915219,1.4045089143572973,-1
0.15858848396992414,-1.366450977005688,1
0.15659945756383853,-1.3710622040203493,-1
-0.5282124602499092,-1.1161313286012375,1
-0.5325812650603371,-1.1212527374582584,-1
-0.7615305421937602,1.4367049479968756,1
-0.7705112165946446,1.439964254422312,-1
-0.7852696552556242,-0.9707969911626765,1
-0.7897201978934362,-0.9749481704513283,-1
-1.0796758422013721,0.4022321902105481,1
-1.0891876640171825,0.4006184680053856,-1
-0.7064854853618305,1.6209569346249224,1
-0.7114191682219118,1.623311657839957,-1
0.972534512719336,-1.5689887048295739,1
0.9723054480570914,-1.5739941348844175,-1
-0.03972544721826471,-1.3086466896921118,1
-0.04429374581910479,-1.3171250318164978,-1
-0.618644941074384,-1.0707023986100337,1
-0.6221319075036693,-1.0744790916888682,-1
-1.1465033487599465,-0.5749849995751886,1
-1.151704309177581,-0.5781240933377064,-1
-0.6888554970551334,1.6652949131839772,1
-0.697609770357325,1.6697342586414106,-1
-0.8722608031228755,-0.9082778245572329,1
-0.876896832845228,-0.9122607816958069,-1
-1.0606930647728738,0.47458940803630656,1
-1.0661667240433608,0.4738375980037077,-1
-0.7525599542761952,-0.9892347162198851,1
-0.7564169388325399,-0.9929353095819953,-1
0.7595451843866631,-1.5243910253850619,1
0.758809638350799,-1.529662147583148,-1
0.41333263124148356,-1.438557633838112,1
0.41177250225144596,-1.4437264974554904,-1
-0.5633267735000584,-1.0936379354073955,1
-0.5670947424988833,-1.0979090020729685,-1
-0.9183741124244675,-0.8738899006547444,1
-0.9222992240598546,-0.8771166924650335,-1
0.3220391987092247,-1.4082044920751993,1
0.3190452520243301,-1.4168082534303679,-1
-0.70807040183956,1.6165997055084746,1
-0.7152207142868685,1.6199919158073788,-1
-1.017575433033591,0.597569292845161,1
-1.0271950804786423,0.5967849908362745,-1
0.40373617751348284,-1.4350242957682688,1
0.4079864527871545,-1.443857045581474,-1
-1.0128271608511537,0.6142861264670687,1
-1.0178426468738584,0.6201451567797647,-1
-0.2847781108251916,-1.2173198987715672,1
-0.2865612311778082,-1.222097773484506,-1
-0.7876770675726081,1.3421377317544219,1
-0.7910604834974813,1.3505137208016351,-1
-0.8172290704352334,-0.9452995043144763,1
-0.8243230989941001,-0.9490041501657658,-1
0.02367716459659725,-1.3291662724854958,1
0.024298897910523084,-1.3384114173420558,-1
-0.15642098328843462,-1.2631440848323878,1
-0.15800384682452726,-1.272257338207526,-1
-1.201220359965578,-0.3841287500612953,1
-1.2109015869041282,-0.38288945200542723,-1
-0.9732888776391944,0.7530438491166036,1
-0.9765090038413724,0.7574367762972792,-1
0.0383966674535412,-1.3278217792483988,1
0.03910696503535959,-1.336089883044514,-1
-0.5274900064096444,-1.1165327756751344,1
-0.5318944144274198,-1.1216871912579114,-1
-0.8895743679947787,1.0102422681683527,1
-0.8942218407925828,1.0185899767250537,-1
-0.7149744512825316,-1.0161772817271726,1
-0.7195423349550749,-1.0193912381732115,-1
-1.1380166259252154,0.2094976893645411,1
-1.143195246137945,0.21297236929064334,-1
-0.8958885847243521,0.9992794850273897,1
-0.898655666782893,1.0041784093080566,-1
0.7490976275958121,-1.5234978684842937,1
0.7529726998744034,-1.5284203264627163,-1
-0.08245362789919553,-1.2934303732804797,1
-0.08292382189471491,-1.3002102532667221,-1
-0.6054713140978887,-1.0714503325775273,1
-0.6107527766088692,-1.0763803006303363,-1
-1.049336731408661,-0.733967760974847,1
-1.0554054506408495,-0.7351575463686179,-1
-0.8322164137896965,1.1952023725273695,1
-0.834426949639252,1.1999662463217184,-1
-0.7804982923279858,-0.9714656609956037,1
-0.7854371501696107,-0.9743431731414871,-1
-1.1674200137187363,0.08249870054221105,1
-1.17403413065663,0.08608348260827817,-1
-0.7194684723612781,-1.0058918717842715,1
-0.7262300073804963,-1.0105174409701827,-1
0.4510425008661365,-1.4503293153258254,1
0.45390461039748864,-1.4557831575907332,-1
0.16306613565678818,-1.3687265062765537,1
0.1642790792797933,-1.3739758313800456,-1
-0.5550406691103759,-1.1004957316018669,1
-0.5614461418995143,-1.1074031940016296,-1
-0.9090473173244662,-0.8753791871497304,1
-0.9160813606598537,-0.8781095501283576,-1
0.3050218291454261,-1.4129236207972824,1
0.30770033898179766,-1.41995433924509,-1
-0.7256182789253582,1.5606274554303794,1
-0.7284353897695862,1.5691080678605482,-1
-1.0976539604791147,0.3353444098990499,1
-1.1029404063210855,0.33964851002142804,-1
0.4528310261887617,-1.449969903389242,1
0.4546920052324036,-1.456476142405071,-1
-0.7736071617968798,1.3982854495816766,1
-0.7804444929413933,1.392811303956957,-1
-0.47760776522002657,-1.1353297718668973,1
-0.4777009151711108,-1.1420167607858946,-1
-0.7029940659306382,1.6339417016722406,1
-0.7101404478283385,1.6330612453608704,-1
-0.9134501330736513,-0.877673158152642,1
-0.914425229988144,-0.8828973711779923,-1
-0.008394492994552073,-1.314292752084275,1
-0.007440649440846594,-1.320902089860943,-1
-0.2613924255873431,-1.227081973584525,1
-0.2609897312461422,-1.2336583384908375,-1
-1.210600674196543,-0.23187748992202784,1
-1.2138444672153699,-0.23985394401914956,-1
-0.6904363973189429,1.6763856494802978,1
-0.700123261226759,1.6767651519528886,-1
0.020134836003227678,-1.3250678452387055,1
0.021110820623906297,-1.3314329227502621,-1
-0.950962666752966,-0.8429510789865364,1
-0.9523664605366297,-0.8498263383404528,-1
-0.7009340375883424,1.645156652314431,1
-0.7070353422830545,1.6446598631777216,-1
-1.0446748330231723,-0.7427335673103743,1
-1.0461603646342201,-0.7486385970959216,-1
-0.8863029060009513,1.0263406853237473,1
-0.8898847057632331,1.0212192621247937,-1
-0.6748185557137589,1.738623311369616,1
-0.6826932430470267,1.7410268022421718,-1
0.8609965874311032,-1.54413967688319,1
0.8637325337956228,-1.5508989574349292,-1
-0.10291310462804504,-1.2880410434376763,1
-0.10223224290170087,-1.2940340649967648,-1
-0.6927702167434895,-1.026856136187646,1
-0.6932921721460106,-1.0323866797633763,-1
-1.1742052853119977,0.05673992384595308,1
-1.1764412347028679,0.051846979586539756,-1
-0.6701665381060975,1.7429134312116106,1
-0.6758150406034238,1.744776720138895,-1
-1.1119984700378291,-0.6454148919012905,1
-1.1136694887334175,-0.65115169953676,-1
-0.7998232828118089,1.3057034689457576,1
-0.8048405792992546,1.300692147886769,-1
-0.8613733887368908,-0.9188878039757459,1
-0.8622653622664713,-0.9243422478347516,-1
0.5579929152166194,-1.473644209463889,1
0.5602223802075195,-1.480669182158871,-1
0.17816527840724378,-1.372552910973281,1
0.17957016044397034,-1.3794756250875548,-1
-0.7894705695061999,-0.9663702148058062,1
-0.7902735274782605,-0.9723951319682747,-1
-0.9263090448961373,-0.8636477068568732,1
-0.9272691455047601,-0.8686283491640578,-1
0.3071852079172732,-1.409792851442786,1
0.30865324560159013,-1.4158485826172658,-1
-0.7021606607722097,1.6415725950973745,1
-0.7119229839224499,1.6406486695382794,-1
-0.8296782272171298,1.2115662669091116,1
-0.8333678526086525,1.207274263906434,-1
0.45369918531731995,-1.4495079395734618,1
0.45571732362770745,-1.4566802012847333,-1
-1.0217684026079161,0.5926049944036745,1
-1.025086447148888,0.596846164299415,-1
0.1400143971105487,-1.3607797382493154,1
0.1332069502868377,-1.3650888687176232,-1
-0.783355950026027,1.3626851644302902,1
-0.785857959518083,1.368184813693289,-1
-0.6536086023089906,-1.0506827442090974,1
-0.658776219647663,-1.0499117576559573,-1
0.259347788145646,-1.3975802845417764,1
0.2541088425365419,-1.4055773363397575,-1
0.1776474876176124,-1.3719163213456844,1
0.1728234179630419,-1.375782955763253,-1
-1.197915566721775,-0.41112620724412546,1
-1.2043767832502887,-0.40788324873740667,-1
-0.9812325183152166,0.728202229512798,1
-0.9852629460470141,0.733906811432866,-1
0.23322797056457495,-1.3869401317029766,1
0.22816615349125596,-1.392983101380068,-1
0.06575689568238433,-1.3397996649018207,1
0.05973188460536999,-1.342330771005813,-1
-0.8873369162155882,1.021465619813379,1
-0.8904709541441097,1.0269511288311217,-1
-0.1780698098280469,-1.259399915410361,1
-0.18425829655982923,-1.2599905623776153,-1
-1.144742753428837,0.16639657470933816,1
-1.1515419767008057,0.17249456411422515,-1
-0.8920434582091377,1.0115256687709127,1
-0.8956208417972981,1.017736247790972,-1
0.6781634812799415,-1.5045403463431626,1
0.682672419718646,-1.5091386433424385,-1
0.05847927273238493,-1.3405780119134434,1
0.051056472504390396,-1.3436445339707892,-1
-0.3904803625165598,-1.1768358090570352,1
-0.39900303114601815,-1.1765191581522747,-1
-0.752937216367089,-0.9934894768081826,1
-0.7606265386585163,-0.9920559527231687,-1
-0.8232524689058718,1.2245603721063374,1
-0.8262733062850468,1.2306359006400789,-1
-0.257744685520497,-1.2305629027658944,1
-0.2643041464213607,-1.230817105432993,-1
-1.1877490366881849,-0.019905556323522616,1
-1.191866396686751,-0.016801510551096674,-1
-0.44514503166462815,-1.1541039103425879,1
-0.4501464022334762,-1.1537933854567588,-1
0.4968180652543331,-1.4603989921412959,1
0.4993010781985595,-1.4660600577135416,-1
0.3516544089929703,-1.4209843226162218,1
0.35083909012050263,-1.4262363538656362,-1
-0.09725146261667138,-1.288693213499886,1
-0.1068981415242877,-1.290354056942079,-1
-0.8941860742420998,-0.89237717201191,1
-0.8993236989690325,-0.8911190440224389,-1
0.3198097140398162,-1.4126065822578484,1
0.3175589289113911,-1.4197429802188006,-1
-0.7221271361508753,1.5647774748937007,1
-0.7243459931026088,1.5703294358481776,-1
-1.113747128798357,0.2975968420621167,1
-1.1206541776995667,0.30452425166327957,-1
